Most Informative Features,,Most Positive,,,,,Most Negative,,
           contains(i'd) = True                3 : 1      =     13.5 : 1.0,,,,,,,,,
          contains(draw) = True                3 : 1      =     11.4 : 1.0,,           contains(fun) = True                2 : 1      =     10.1 : 1.0,,fun,10.1,,           contains(old) = True                1 : 2      =      7.2 : 1.0,old,7.2
          contains(post) = True                4 : 1      =     10.7 : 1.0,, contains(understanding) = True                2 : 1      =      8.2 : 1.0,,understanding,8.2,,         contains(money) = True                1 : 2      =      6.7 : 1.0,money,6.7
           contains(fun) = True                2 : 1      =     10.1 : 1.0,,       contains(awesome) = True                2 : 1      =      7.2 : 1.0,,awesome,7.2,,          contains(tell) = True                1 : 2      =      6.2 : 1.0,tell,6.2
      contains(earmarks) = True                3 : 1      =      9.3 : 1.0,,          contains(held) = True                2 : 1      =      7.2 : 1.0,,held,7.2,, contains(condescending) = True                1 : 2      =      5.8 : 1.0,condescending,5.8
           contains(bad) = True                3 : 2      =      9.3 : 1.0,,        contains(agreed) = True                2 : 1      =      7.2 : 1.0,,agreed,7.2,,      contains(veterans) = True                1 : 2      =      4.8 : 1.0,veterans,4.8
         contains(thank) = True                4 : 1      =      9.3 : 1.0,,           contains(pts) = True                2 : 1      =      7.2 : 1.0,,pts,7.2,,           contains(her) = True                1 : 2      =      4.6 : 1.0,her,4.6
         contains(tweet) = True                4 : 1      =      9.3 : 1.0,,          contains(glad) = True                2 : 1      =      6.3 : 1.0,,glad,6.3,,           contains(wtf) = True                1 : 2      =      4.4 : 1.0,wtf,4.4
         contains(times) = True                3 : 2      =      8.3 : 1.0,,     contains(strategic) = True                2 : 1      =      6.3 : 1.0,,strategic,6.3,,           contains(ass) = True                1 : 2      =      4.4 : 1.0,ass,4.4
 contains(understanding) = True                2 : 1      =      8.2 : 1.0,,       contains(clearly) = True                2 : 1      =      6.1 : 1.0,,clearly,6.1,,          contains(miss) = True                1 : 2      =      4.3 : 1.0,miss,4.3
         contains(never) = True                3 : 2      =      8.2 : 1.0,,    contains(commentary) = True                2 : 1      =      5.3 : 1.0,,commentary,5.3,,           contains(why) = True                1 : 2      =      4.0 : 1.0,why,4
       contains(twitter) = True                4 : 1      =      8.0 : 1.0,,         contains(plans) = True                2 : 1      =      5.3 : 1.0,,plans,5.3,,       contains(kidding) = True                1 : 2      =      3.9 : 1.0,kidding,3.9
          contains(wins) = True                2 : 4      =      7.9 : 1.0,,        contains(vision) = True                2 : 1      =      5.3 : 1.0,,vision,5.3,,          contains(eyes) = True                1 : 2      =      3.9 : 1.0,eyes,3.9
          contains(nice) = True                2 : 4      =      7.9 : 1.0,,        contains(troops) = True                2 : 1      =      5.3 : 1.0,,troops,5.3,,         contains(until) = True                1 : 2      =      3.9 : 1.0,until,3.9
         contains(cindy) = True                3 : 2      =      7.9 : 1.0,,    contains(explaining) = True                2 : 1      =      5.3 : 1.0,,explaining,5.3,,           contains(oil) = True                1 : 2      =      3.9 : 1.0,oil,3.9
          contains(must) = True                3 : 2      =      7.9 : 1.0,,          contains(hack) = True                2 : 1      =      5.3 : 1.0,,hack,5.3,,         contains(surge) = True                1 : 2      =      3.9 : 1.0,surge,3.9
          contains(barr) = True                3 : 2      =      7.9 : 1.0,,     contains(following) = True                2 : 1      =      5.3 : 1.0,,following,5.3,,   contains(republicans) = True                1 : 2      =      3.9 : 1.0,republicans,3.9
    contains(understand) = True                1 : 4      =      7.6 : 1.0,,      contains(politics) = True                2 : 1      =      5.3 : 1.0,,politics,5.3,,           contains(end) = True                1 : 2      =      3.7 : 1.0,end,3.7
      contains(bringing) = True                2 : 4      =      7.4 : 1.0,,         contains(great) = True                2 : 1      =      5.2 : 1.0,,great,5.2,,         contains(palin) = True                1 : 2      =      3.7 : 1.0,palin,3.7
         contains(check) = True                4 : 2      =      7.4 : 1.0,,   contains(interesting) = True                2 : 1      =      5.2 : 1.0,,interesting,5.2,,        contains(threat) = True                1 : 2      =      3.5 : 1.0,threat,3.5
          contains(were) = True                1 : 4      =      7.3 : 1.0,,        contains(energy) = True                2 : 1      =      4.7 : 1.0,,energy,4.7,,          contains(stop) = True                1 : 2      =      3.5 : 1.0,stop,3.5
        contains(either) = True                3 : 2      =      7.3 : 1.0,,      contains(specific) = True                2 : 1      =      4.3 : 1.0,,specific,4.3,,          contains(card) = True                1 : 2      =      3.5 : 1.0,card,3.5
         contains(years) = True                3 : 2      =      7.3 : 1.0,,         contains(liked) = True                2 : 1      =      4.3 : 1.0,,liked,4.3,,      contains(involved) = True                1 : 2      =      3.5 : 1.0,involved,3.5
        contains(poised) = True                3 : 1      =      7.2 : 1.0,,     contains(soundbite) = True                2 : 1      =      3.8 : 1.0,,soundbite,3.8,,        contains(friend) = True                1 : 2      =      3.5 : 1.0,friend,3.5
          contains(calm) = True                3 : 1      =      7.2 : 1.0,,        contains(policy) = True                2 : 1      =      3.5 : 1.0,,policy,3.5,,           contains(joe) = True                1 : 2      =      3.5 : 1.0,joe,3.5
           contains(ask) = True                3 : 1      =      7.2 : 1.0,,        contains(wisely) = True                2 : 1      =      3.4 : 1.0,,wisely,3.4,,        contains(you're) = True                1 : 2      =      3.5 : 1.0,you're,3.5
         contains(shows) = True                3 : 1      =      7.2 : 1.0,,        contains(kicked) = True                2 : 1      =      3.4 : 1.0,,kicked,3.4,,          contains(hell) = True                1 : 2      =      3.5 : 1.0,hell,3.5
     contains(interview) = True                3 : 1      =      7.2 : 1.0,,   contains(responsible) = True                2 : 1      =      3.4 : 1.0,,responsible,3.4,,       contains(senator) = True                1 : 2      =      3.3 : 1.0,senator,3.3
           contains(web) = True                3 : 1      =      7.2 : 1.0,,         contains(sweet) = True                2 : 1      =      3.4 : 1.0,,sweet,3.4,,          contains(make) = True                1 : 2      =      3.2 : 1.0,make,3.2
         contains(lines) = True                3 : 1      =      7.2 : 1.0,,   contains(alternative) = True                2 : 1      =      3.4 : 1.0,,alternative,3.4,,       contains(instead) = True                1 : 2      =      3.2 : 1.0,instead,3.2
       contains(awesome) = True                2 : 1      =      7.2 : 1.0,,  contains(independence) = True                2 : 1      =      3.4 : 1.0,,independence,3.4,,          contains(into) = True                1 : 2      =      3.1 : 1.0,into,3.1
          contains(held) = True                2 : 1      =      7.2 : 1.0,,     contains(impressed) = True                2 : 1      =      3.4 : 1.0,,impressed,3.4,,           contains(yet) = True                1 : 2      =      3.0 : 1.0,yet,3
        contains(agreed) = True                2 : 1      =      7.2 : 1.0,,        contains(mostly) = True                2 : 1      =      3.4 : 1.0,,mostly,3.4,,         contains(today) = True                1 : 2      =      3.0 : 1.0,today,3
           contains(pts) = True                2 : 1      =      7.2 : 1.0,,        contains(worked) = True                2 : 1      =      3.4 : 1.0,,worked,3.4,,          contains(full) = True                1 : 2      =      3.0 : 1.0,full,3
           contains(old) = True                1 : 2      =      7.2 : 1.0,,          contains(butt) = True                2 : 1      =      3.4 : 1.0,,butt,3.4,,           contains(vet) = True                1 : 2      =      3.0 : 1.0,vet,3
         contains(money) = True                1 : 2      =      6.7 : 1.0,,        contains(gergen) = True                2 : 1      =      3.4 : 1.0,,gergen,3.4,,         contains(false) = True                1 : 2      =      3.0 : 1.0,FALSE,3
          contains(lose) = True                3 : 2      =      6.4 : 1.0,,       contains(central) = True                2 : 1      =      3.4 : 1.0,,central,3.4,,      contains(wouldn't) = True                1 : 2      =      3.0 : 1.0,wouldn't,3
      contains(opponent) = True                3 : 2      =      6.4 : 1.0,,          contains(u.s.) = True                2 : 1      =      3.4 : 1.0,,u.s.,3.4,,     contains(dangerous) = True                1 : 2      =      3.0 : 1.0,dangerous,3
       contains(neither) = True                3 : 2      =      6.4 : 1.0,,         contains(along) = True                2 : 1      =      3.4 : 1.0,,along,3.4,,      contains(training) = True                1 : 2      =      3.0 : 1.0,training,3
          contains(less) = True                3 : 2      =      6.4 : 1.0,,       contains(helping) = True                2 : 1      =      3.4 : 1.0,,helping,3.4,,          contains(lies) = True                1 : 2      =      2.9 : 1.0,lies,2.9
          contains(once) = True                3 : 2      =      6.4 : 1.0,,    contains(successful) = True                2 : 1      =      3.4 : 1.0,,successful,3.4,,           contains(she) = True                1 : 2      =      2.8 : 1.0,she,2.8
         contains(talks) = True                3 : 2      =      6.4 : 1.0,,       contains(closing) = True                2 : 1      =      3.4 : 1.0,,closing,3.4,,           contains(are) = True                1 : 2      =      2.7 : 1.0,are,2.7
  contains(congeniality) = True                3 : 2      =      6.4 : 1.0,,        contains(mother) = True                2 : 1      =      3.4 : 1.0,,mother,3.4,,      contains(drilling) = True                1 : 2      =      2.6 : 1.0,drilling,2.6
contains(http://tinyurl.com/43n74w) = True                4 : 1      =      6.4 : 1.0,,           contains(tea) = True                2 : 1      =      3.4 : 1.0,,tea,3.4,,        contains(simply) = True                1 : 2      =      2.5 : 1.0,simply,2.5
       contains(nuclear) = True                4 : 2      =      6.4 : 1.0,,      contains(believes) = True                2 : 1      =      3.4 : 1.0,,believes,3.4,,          contains(such) = True                1 : 2      =      2.5 : 1.0,such,2.5
       contains(doesn't) = True                1 : 4      =      6.3 : 1.0,,          contains(soon) = True                2 : 1      =      3.4 : 1.0,,soon,3.4,,         contains(he'll) = True                1 : 2      =      2.5 : 1.0,he'll,2.5
        contains(though) = True                3 : 4      =      6.3 : 1.0,,       contains(hatchet) = True                2 : 1      =      3.2 : 1.0,,hatchet,3.2,,         contains(kerry) = True                1 : 2      =      2.5 : 1.0,kerry,2.5
          contains(glad) = True                2 : 1      =      6.3 : 1.0,,         contains(track) = True                2 : 1      =      3.2 : 1.0,,track,3.2,,     contains(repeating) = True                1 : 2      =      2.5 : 1.0,repeating,2.5
     contains(strategic) = True                2 : 1      =      6.3 : 1.0,,           contains(top) = True                2 : 1      =      3.2 : 1.0,,top,3.2,,          contains(play) = True                1 : 2      =      2.5 : 1.0,play,2.5
          contains(tell) = True                1 : 2      =      6.2 : 1.0,,          contains(word) = True                2 : 1      =      2.7 : 1.0,,word,2.7,,      contains(debating) = True                1 : 2      =      2.5 : 1.0,debating,2.5
           contains(own) = True                2 : 4      =      6.1 : 1.0,,         contains(least) = True                2 : 1      =      2.7 : 1.0,,least,2.7,,      contains(language) = True                1 : 2      =      2.5 : 1.0,language,2.5
       contains(clearly) = True                2 : 1      =      6.1 : 1.0,,          contains(orgy) = True                2 : 1      =      2.7 : 1.0,,orgy,2.7,,        contains(second) = True                1 : 2      =      2.5 : 1.0,second,2.5
 contains(condescending) = True                1 : 2      =      5.8 : 1.0,,          contains(bite) = True                2 : 1      =      2.7 : 1.0,,bite,2.7,,         contains(quote) = True                1 : 2      =      2.5 : 1.0,quote,2.5
           contains(win) = True                3 : 4      =      5.6 : 1.0,,          contains(love) = True                2 : 1      =      2.6 : 1.0,,love,2.6,,      contains(starting) = True                1 : 2      =      2.5 : 1.0,starting,2.5
          contains(side) = True                3 : 1      =      5.6 : 1.0,,         contains(aisle) = True                2 : 1      =      2.6 : 1.0,,aisle,2.6,,     contains(different) = True                1 : 2      =      2.5 : 1.0,different,2.5
           contains(bit) = True                3 : 1      =      5.6 : 1.0,,   contains(post-debate) = True                2 : 1      =      2.6 : 1.0,,post-debate,2.6,,        contains(claims) = True                1 : 2      =      2.5 : 1.0,claims,2.5
       contains(stories) = True                3 : 2      =      5.6 : 1.0,,       contains(science) = True                2 : 1      =      2.6 : 1.0,,science,2.6,,         contains(lying) = True                1 : 2      =      2.5 : 1.0,lying,2.5
         contains(those) = True                3 : 4      =      5.5 : 1.0,,       contains(control) = True                2 : 1      =      2.6 : 1.0,,control,2.6,,          contains(find) = True                1 : 2      =      2.5 : 1.0,find,2.5
 contains(preconditions) = True                4 : 2      =      5.4 : 1.0,,     contains(loopholes) = True                2 : 1      =      2.6 : 1.0,,loopholes,2.6,,          contains(rudy) = True                1 : 2      =      2.5 : 1.0,rudy,2.5
       contains(#mccain) = True                4 : 2      =      5.4 : 1.0,,       contains(success) = True                2 : 1      =      2.4 : 1.0,,success,2.4,,    contains(ridiculous) = True                1 : 2      =      2.5 : 1.0,ridiculous,2.5
      contains(campaign) = True                4 : 2      =      5.4 : 1.0,,      contains(credible) = True                2 : 1      =      2.4 : 1.0,,credible,2.4,,    contains(stuttering) = True                1 : 2      =      2.5 : 1.0,stuttering,2.5
          contains(work) = True                3 : 4      =      5.3 : 1.0,,,,,,,,,
          contains(true) = True                3 : 4      =      5.3 : 1.0,,,,,,,,,
    contains(commentary) = True                2 : 1      =      5.3 : 1.0,,,,,,,,,
         contains(plans) = True                2 : 1      =      5.3 : 1.0,,,,,,,,,
        contains(vision) = True                2 : 1      =      5.3 : 1.0,,,,,,,,,
        contains(troops) = True                2 : 1      =      5.3 : 1.0,,,,,,,,,
    contains(explaining) = True                2 : 1      =      5.3 : 1.0,,,,,,,,,
          contains(hack) = True                2 : 1      =      5.3 : 1.0,,,,,,,,,
     contains(following) = True                2 : 1      =      5.3 : 1.0,,,,,,,,,
      contains(politics) = True                2 : 1      =      5.3 : 1.0,,,,,,,,,
         contains(great) = True                2 : 1      =      5.2 : 1.0,,,,,,,,,
        contains(turned) = True                3 : 1      =      5.2 : 1.0,,,,,,,,,
         contains(guard) = True                3 : 1      =      5.2 : 1.0,,,,,,,,,
         contains(short) = True                3 : 1      =      5.2 : 1.0,,,,,,,,,
       contains(writing) = True                3 : 1      =      5.2 : 1.0,,,,,,,,,
          contains(heat) = True                3 : 1      =      5.2 : 1.0,,,,,,,,,
 contains(unfortunately) = True                3 : 1      =      5.2 : 1.0,,,,,,,,,
      contains(clothing) = True                3 : 1      =      5.2 : 1.0,,,,,,,,,
        contains(ground) = True                3 : 1      =      5.2 : 1.0,,,,,,,,,
           contains(bho) = True                3 : 1      =      5.2 : 1.0,,,,,,,,,
         contains(greed) = True                3 : 1      =      5.2 : 1.0,,,,,,,,,
      contains(tweeters) = True                3 : 1      =      5.2 : 1.0,,,,,,,,,
      contains(avoiding) = True                3 : 1      =      5.2 : 1.0,,,,,,,,,
       contains(analyst) = True                3 : 1      =      5.2 : 1.0,,,,,,,,,
        contains(future) = True                3 : 1      =      5.2 : 1.0,,,,,,,,,
         contains(sheep) = True                3 : 1      =      5.2 : 1.0,,,,,,,,,
       contains(primary) = True                3 : 1      =      5.2 : 1.0,,,,,,,,,
         contains(brian) = True                3 : 1      =      5.2 : 1.0,,,,,,,,,
           contains(few) = True                3 : 1      =      5.2 : 1.0,,,,,,,,,
      contains(williams) = True                3 : 1      =      5.2 : 1.0,,,,,,,,,
     contains(committee) = True                3 : 1      =      5.2 : 1.0,,,,,,,,,
       contains(answers) = True                3 : 1      =      5.2 : 1.0,,,,,,,,,
     contains(shouldn't) = True                3 : 1      =      5.2 : 1.0,,,,,,,,,
          contains(team) = True                3 : 1      =      5.2 : 1.0,,,,,,,,,
         contains(waste) = True                3 : 1      =      5.2 : 1.0,,,,,,,,,
          contains(high) = True                3 : 1      =      5.2 : 1.0,,,,,,,,,
      contains(tweeting) = True                3 : 1      =      5.2 : 1.0,,,,,,,,,
         contains(board) = True                3 : 1      =      5.2 : 1.0,,,,,,,,,
         contains(early) = True                3 : 1      =      5.2 : 1.0,,,,,,,,,
   contains(interesting) = True                2 : 1      =      5.2 : 1.0,,,,,,,,,
      contains(anything) = True                1 : 4      =      5.1 : 1.0,,,,,,,,,
        contains(really) = True                1 : 4      =      5.0 : 1.0,,,,,,,,,
         contains(isn't) = True                3 : 2      =      5.0 : 1.0,,,,,,,,,
         contains(voted) = True                3 : 2      =      5.0 : 1.0,,,,,,,,,
      contains(thinking) = True                3 : 2      =      5.0 : 1.0,,,,,,,,,
       contains(veteran) = True                3 : 2      =      5.0 : 1.0,,,,,,,,,
        contains(trying) = True                3 : 2      =      5.0 : 1.0,,,,,,,,,
      contains(agreeing) = True                3 : 2      =      5.0 : 1.0,,,,,,,,,
          contains(step) = True                3 : 2      =      5.0 : 1.0,,,,,,,,,
       contains(bennett) = True                3 : 2      =      5.0 : 1.0,,,,,,,,,
         contains(ideas) = True                3 : 2      =      5.0 : 1.0,,,,,,,,,
          contains(four) = True                3 : 2      =      5.0 : 1.0,,,,,,,,,
      contains(confused) = True                3 : 2      =      5.0 : 1.0,,,,,,,,,
          contains(cool) = True                3 : 2      =      5.0 : 1.0,,,,,,,,,
        contains(expect) = True                3 : 2      =      5.0 : 1.0,,,,,,,,,
         contains(hands) = True                3 : 2      =      5.0 : 1.0,,,,,,,,,
     contains(everytime) = True                4 : 1      =      5.0 : 1.0,,,,,,,,,
         contains(polar) = True                4 : 1      =      5.0 : 1.0,,,,,,,,,
       contains(opinion) = True                4 : 1      =      5.0 : 1.0,,,,,,,,,
         contains(count) = True                4 : 1      =      5.0 : 1.0,,,,,,,,,
         contains(tally) = True                4 : 1      =      5.0 : 1.0,,,,,,,,,
     contains(terrorism) = True                4 : 1      =      5.0 : 1.0,,,,,,,,,
     contains(comparing) = True                4 : 1      =      5.0 : 1.0,,,,,,,,,
    contains(#debates08) = True                4 : 1      =      5.0 : 1.0,,,,,,,,,
        contains(maddow) = True                4 : 1      =      5.0 : 1.0,,,,,,,,,
        contains(rachel) = True                4 : 1      =      5.0 : 1.0,,,,,,,,,
         contains(delay) = True                4 : 1      =      5.0 : 1.0,,,,,,,,,
      contains(veterans) = True                1 : 2      =      4.8 : 1.0,,,,,,,,,
       contains(getting) = True                1 : 4      =      4.8 : 1.0,,,,,,,,,
      contains(spending) = True                2 : 4      =      4.7 : 1.0,,,,,,,,,
         contains(topic) = True                3 : 2      =      4.7 : 1.0,,,,,,,,,
        contains(league) = True                4 : 1      =      4.7 : 1.0,,,,,,,,,
           contains(but) = True                3 : 4      =      4.7 : 1.0,,,,,,,,,
        contains(better) = True                3 : 4      =      4.7 : 1.0,,,,,,,,,
        contains(energy) = True                2 : 1      =      4.7 : 1.0,,,,,,,,,
         contains(these) = True                3 : 2      =      4.6 : 1.0,,,,,,,,,
          contains(bill) = True                3 : 2      =      4.6 : 1.0,,,,,,,,,
           contains(her) = True                1 : 2      =      4.6 : 1.0,,,,,,,,,
          contains(care) = True                1 : 4      =      4.5 : 1.0,,,,,,,,,
        contains(didn't) = True                1 : 4      =      4.5 : 1.0,,,,,,,,,
         contains(msnbc) = True                4 : 1      =      4.5 : 1.0,,,,,,,,,
          contains(else) = True                4 : 2      =      4.4 : 1.0,,,,,,,,,
       contains(started) = True                4 : 2      =      4.4 : 1.0,,,,,,,,,
           contains(nbc) = True                4 : 2      =      4.4 : 1.0,,,,,,,,,
       contains(hashtag) = True                4 : 2      =      4.4 : 1.0,,,,,,,,,
         contains(ready) = True                4 : 2      =      4.4 : 1.0,,,,,,,,,
           contains(wtf) = True                1 : 2      =      4.4 : 1.0,,,,,,,,,
           contains(ass) = True                1 : 2      =      4.4 : 1.0,,,,,,,,,
      contains(drinking) = True                4 : 3      =      4.4 : 1.0,,,,,,,,,
          contains(fact) = True                3 : 4      =      4.4 : 1.0,,,,,,,,,
      contains(economic) = True                3 : 4      =      4.4 : 1.0,,,,,,,,,
          contains(wish) = True                3 : 4      =      4.4 : 1.0,,,,,,,,,
          contains(feel) = True                3 : 4      =      4.4 : 1.0,,,,,,,,,
           contains(job) = True                2 : 4      =      4.3 : 1.0,,,,,,,,,
         contains(david) = True                3 : 1      =      4.3 : 1.0,,,,,,,,,
        contains(swayed) = True                3 : 1      =      4.3 : 1.0,,,,,,,,,
       contains(looking) = True                3 : 1      =      4.3 : 1.0,,,,,,,,,
        contains(winner) = True                3 : 1      =      4.3 : 1.0,,,,,,,,,
    contains(washington) = True                3 : 1      =      4.3 : 1.0,,,,,,,,,
         contains(tough) = True                3 : 1      =      4.3 : 1.0,,,,,,,,,
         contains(truth) = True                3 : 1      =      4.3 : 1.0,,,,,,,,,
      contains(specific) = True                2 : 1      =      4.3 : 1.0,,,,,,,,,
         contains(liked) = True                2 : 1      =      4.3 : 1.0,,,,,,,,,
          contains(miss) = True                1 : 2      =      4.3 : 1.0,,,,,,,,,
      contains(strategy) = True                1 : 4      =      4.2 : 1.0,,,,,,,,,
          contains(live) = True                4 : 2      =      4.1 : 1.0,,,,,,,,,
         contains(every) = True                3 : 2      =      4.1 : 1.0,,,,,,,,,
           contains(any) = True                4 : 2      =      4.0 : 1.0,,,,,,,,,
           contains(won) = True                3 : 1      =      4.0 : 1.0,,,,,,,,,
          contains(best) = True                3 : 1      =      4.0 : 1.0,,,,,,,,,
        contains(around) = True                3 : 1      =      4.0 : 1.0,,,,,,,,,
           contains(why) = True                1 : 2      =      4.0 : 1.0,,,,,,,,,
          contains(even) = True                3 : 4      =      3.9 : 1.0,,,,,,,,,
          contains(plan) = True                2 : 4      =      3.9 : 1.0,,,,,,,,,
      contains(pakistan) = True                2 : 4      =      3.9 : 1.0,,,,,,,,,
       contains(kidding) = True                1 : 2      =      3.9 : 1.0,,,,,,,,,
          contains(eyes) = True                1 : 2      =      3.9 : 1.0,,,,,,,,,
         contains(until) = True                1 : 2      =      3.9 : 1.0,,,,,,,,,
           contains(oil) = True                1 : 2      =      3.9 : 1.0,,,,,,,,,
         contains(surge) = True                1 : 2      =      3.9 : 1.0,,,,,,,,,
   contains(republicans) = True                1 : 2      =      3.9 : 1.0,,,,,,,,,
         contains(drink) = True                4 : 3      =      3.9 : 1.0,,,,,,,,,
         contains(watch) = True                4 : 3      =      3.9 : 1.0,,,,,,,,,
          contains(yeah) = True                1 : 4      =      3.9 : 1.0,,,,,,,,,
     contains(questions) = True                3 : 2      =      3.9 : 1.0,,,,,,,,,
        contains(before) = True                3 : 2      =      3.9 : 1.0,,,,,,,,,
          contains(game) = True                4 : 1      =      3.9 : 1.0,,,,,,,,,
         contains(focus) = True                4 : 1      =      3.9 : 1.0,,,,,,,,,
       contains(working) = True                4 : 1      =      3.9 : 1.0,,,,,,,,,
      contains(thursday) = True                4 : 1      =      3.9 : 1.0,,,,,,,,,
        contains(voters) = True                4 : 1      =      3.9 : 1.0,,,,,,,,,
          contains(fast) = True                4 : 1      =      3.9 : 1.0,,,,,,,,,
          contains(show) = True                4 : 2      =      3.8 : 1.0,,,,,,,,,
        contains(russia) = True                2 : 4      =      3.8 : 1.0,,,,,,,,,
      contains(directly) = True                3 : 1      =      3.8 : 1.0,,,,,,,,,
   contains(afghanistan) = True                3 : 4      =      3.8 : 1.0,,,,,,,,,
           contains(big) = True                3 : 4      =      3.8 : 1.0,,,,,,,,,
       contains(against) = True                3 : 4      =      3.8 : 1.0,,,,,,,,,
        contains(pretty) = True                3 : 4      =      3.8 : 1.0,,,,,,,,,
         contains(clear) = True                3 : 4      =      3.8 : 1.0,,,,,,,,,
           contains(tax) = True                2 : 4      =      3.8 : 1.0,,,,,,,,,
          contains(very) = True                2 : 4      =      3.8 : 1.0,,,,,,,,,
     contains(soundbite) = True                2 : 1      =      3.8 : 1.0,,,,,,,,,
           contains(end) = True                1 : 2      =      3.7 : 1.0,,,,,,,,,
        contains(thanks) = True                2 : 1      =      3.7 : 1.0,,,,,,,,,
         contains(palin) = True                1 : 2      =      3.7 : 1.0,,,,,,,,,
         contains(obama) = True                2 : 4      =      3.7 : 1.0,,,,,,,,,
         contains(world) = True                2 : 3      =      3.6 : 1.0,,,,,,,,,
          contains(also) = True                1 : 4      =      3.6 : 1.0,,,,,,,,,
          contains(hate) = True                1 : 4      =      3.6 : 1.0,,,,,,,,,
         contains(scary) = True                3 : 2      =      3.6 : 1.0,,,,,,,,,
        contains(checks) = True                3 : 2      =      3.6 : 1.0,,,,,,,,,
       contains(clinton) = True                3 : 2      =      3.6 : 1.0,,,,,,,,,
          contains(told) = True                3 : 2      =      3.6 : 1.0,,,,,,,,,
         contains(house) = True                3 : 2      =      3.6 : 1.0,,,,,,,,,
       contains(running) = True                3 : 2      =      3.6 : 1.0,,,,,,,,,
    contains(earmarking) = True                3 : 2      =      3.6 : 1.0,,,,,,,,,
     contains(defensive) = True                3 : 2      =      3.6 : 1.0,,,,,,,,,
      contains(defining) = True                3 : 2      =      3.6 : 1.0,,,,,,,,,
          contains(mind) = True                3 : 2      =      3.6 : 1.0,,,,,,,,,
         contains(happy) = True                3 : 2      =      3.6 : 1.0,,,,,,,,,
         contains(speak) = True                3 : 2      =      3.6 : 1.0,,,,,,,,,
       contains(walking) = True                3 : 2      =      3.6 : 1.0,,,,,,,,,
     contains(rebutting) = True                3 : 2      =      3.6 : 1.0,,,,,,,,,
contains(http://www.drudgereport.com/) = True                3 : 2      =      3.6 : 1.0,,,,,,,,,
       contains(enemies) = True                3 : 2      =      3.6 : 1.0,,,,,,,,,
       contains(passion) = True                3 : 2      =      3.6 : 1.0,,,,,,,,,
          contains(fair) = True                3 : 2      =      3.6 : 1.0,,,,,,,,,
       contains(thought) = True                3 : 2      =      3.6 : 1.0,,,,,,,,,
     contains(important) = True                3 : 2      =      3.6 : 1.0,,,,,,,,,
       contains(several) = True                3 : 2      =      3.6 : 1.0,,,,,,,,,
         contains(doing) = True                2 : 3      =      3.6 : 1.0,,,,,,,,,
       contains(calling) = True                2 : 3      =      3.6 : 1.0,,,,,,,,,
          contains(rate) = True                4 : 1      =      3.6 : 1.0,,,,,,,,,
         contains(green) = True                4 : 1      =      3.6 : 1.0,,,,,,,,,
           contains(com) = True                4 : 1      =      3.6 : 1.0,,,,,,,,,
      contains(thoughts) = True                4 : 1      =      3.6 : 1.0,,,,,,,,,
      contains(declared) = True                4 : 1      =      3.6 : 1.0,,,,,,,,,
        contains(sudden) = True                4 : 1      =      3.6 : 1.0,,,,,,,,,
         contains(style) = True                4 : 1      =      3.6 : 1.0,,,,,,,,,
     contains(according) = True                4 : 1      =      3.6 : 1.0,,,,,,,,,
        contains(united) = True                4 : 1      =      3.6 : 1.0,,,,,,,,,
       contains(perfect) = True                4 : 1      =      3.6 : 1.0,,,,,,,,,
        contains(effect) = True                4 : 1      =      3.6 : 1.0,,,,,,,,,
           contains(odd) = True                4 : 1      =      3.6 : 1.0,,,,,,,,,
        contains(recent) = True                4 : 1      =      3.6 : 1.0,,,,,,,,,
           contains(pbs) = True                4 : 1      =      3.6 : 1.0,,,,,,,,,
   contains(democracies) = True                4 : 1      =      3.6 : 1.0,,,,,,,,,
           contains(hot) = True                4 : 1      =      3.6 : 1.0,,,,,,,,,
       contains(c-span2) = True                4 : 1      =      3.6 : 1.0,,,,,,,,,
         contains(laugh) = True                4 : 1      =      3.6 : 1.0,,,,,,,,,
      contains(possible) = True                4 : 1      =      3.6 : 1.0,,,,,,,,,
           contains(die) = True                4 : 1      =      3.6 : 1.0,,,,,,,,,
       contains(dollars) = True                4 : 1      =      3.6 : 1.0,,,,,,,,,
        contains(johnny) = True                4 : 1      =      3.6 : 1.0,,,,,,,,,
        contains(admits) = True                4 : 1      =      3.6 : 1.0,,,,,,,,,
         contains(we'll) = True                4 : 1      =      3.6 : 1.0,,,,,,,,,
        contains(thread) = True                4 : 1      =      3.6 : 1.0,,,,,,,,,
       contains(nations) = True                4 : 1      =      3.6 : 1.0,,,,,,,,,
          contains(diff) = True                4 : 1      =      3.6 : 1.0,,,,,,,,,
       contains(picking) = True                4 : 1      =      3.6 : 1.0,,,,,,,,,
         contains(radio) = True                4 : 1      =      3.6 : 1.0,,,,,,,,,
         contains(email) = True                4 : 1      =      3.6 : 1.0,,,,,,,,,
        contains(create) = True                4 : 1      =      3.6 : 1.0,,,,,,,,,
   contains(distracting) = True                4 : 1      =      3.6 : 1.0,,,,,,,,,
       contains(festoon) = True                4 : 1      =      3.6 : 1.0,,,,,,,,,
        contains(states) = True                4 : 1      =      3.6 : 1.0,,,,,,,,,
        contains(obamas) = True                4 : 1      =      3.6 : 1.0,,,,,,,,,
  contains(presidential) = True                2 : 1      =      3.6 : 1.0,,,,,,,,,
     contains(president) = True                1 : 4      =      3.5 : 1.0,,,,,,,,,
        contains(policy) = True                2 : 1      =      3.5 : 1.0,,,,,,,,,
           contains(him) = True                3 : 4      =      3.5 : 1.0,,,,,,,,,
        contains(threat) = True                1 : 2      =      3.5 : 1.0,,,,,,,,,
          contains(stop) = True                1 : 2      =      3.5 : 1.0,,,,,,,,,
          contains(card) = True                1 : 2      =      3.5 : 1.0,,,,,,,,,
      contains(involved) = True                1 : 2      =      3.5 : 1.0,,,,,,,,,
        contains(friend) = True                1 : 2      =      3.5 : 1.0,,,,,,,,,
           contains(joe) = True                1 : 2      =      3.5 : 1.0,,,,,,,,,
        contains(you're) = True                1 : 2      =      3.5 : 1.0,,,,,,,,,
          contains(hell) = True                1 : 2      =      3.5 : 1.0,,,,,,,,,
           contains(tom) = True                4 : 2      =      3.4 : 1.0,,,,,,,,,
        contains(aren't) = True                4 : 2      =      3.4 : 1.0,,,,,,,,,
       contains(playing) = True                4 : 2      =      3.4 : 1.0,,,,,,,,,
contains(http://tinyurl.com/3frb5c) = True                4 : 2      =      3.4 : 1.0,,,,,,,,,
         contains(comes) = True                4 : 2      =      3.4 : 1.0,,,,,,,,,
        contains(global) = True                4 : 2      =      3.4 : 1.0,,,,,,,,,
           contains(cbs) = True                4 : 2      =      3.4 : 1.0,,,,,,,,,
           contains(bin) = True                4 : 2      =      3.4 : 1.0,,,,,,,,,
       contains(noticed) = True                4 : 2      =      3.4 : 1.0,,,,,,,,,
       contains(message) = True                4 : 2      =      3.4 : 1.0,,,,,,,,,
          contains(site) = True                4 : 2      =      3.4 : 1.0,,,,,,,,,
          contains(dems) = True                4 : 2      =      3.4 : 1.0,,,,,,,,,
         contains(using) = True                4 : 3      =      3.4 : 1.0,,,,,,,,,
        contains(called) = True                3 : 4      =      3.4 : 1.0,,,,,,,,,
           contains(off) = True                3 : 4      =      3.4 : 1.0,,,,,,,,,
         contains(stand) = True                3 : 4      =      3.4 : 1.0,,,,,,,,,
          contains(goes) = True                3 : 4      =      3.4 : 1.0,,,,,,,,,
        contains(reagan) = True                3 : 4      =      3.4 : 1.0,,,,,,,,,
          contains(i'll) = True                3 : 4      =      3.4 : 1.0,,,,,,,,,
       contains(anymore) = True                3 : 4      =      3.4 : 1.0,,,,,,,,,
        contains(sounds) = True                3 : 4      =      3.4 : 1.0,,,,,,,,,
          contains(went) = True                3 : 4      =      3.4 : 1.0,,,,,,,,,
          contains(wolf) = True                3 : 4      =      3.4 : 1.0,,,,,,,,,
    contains(definitely) = True                3 : 4      =      3.4 : 1.0,,,,,,,,,
          contains(free) = True                3 : 4      =      3.4 : 1.0,,,,,,,,,
       contains(between) = True                3 : 4      =      3.4 : 1.0,,,,,,,,,
        contains(across) = True                2 : 4      =      3.4 : 1.0,,,,,,,,,
         contains(start) = True                2 : 4      =      3.4 : 1.0,,,,,,,,,
          contains(line) = True                2 : 4      =      3.4 : 1.0,,,,,,,,,
        contains(points) = True                2 : 4      =      3.4 : 1.0,,,,,,,,,
      contains(pointing) = True                2 : 1      =      3.4 : 1.0,,,,,,,,,
        contains(wisely) = True                2 : 1      =      3.4 : 1.0,,,,,,,,,
        contains(kicked) = True                2 : 1      =      3.4 : 1.0,,,,,,,,,
   contains(responsible) = True                2 : 1      =      3.4 : 1.0,,,,,,,,,
         contains(sweet) = True                2 : 1      =      3.4 : 1.0,,,,,,,,,
   contains(alternative) = True                2 : 1      =      3.4 : 1.0,,,,,,,,,
  contains(independence) = True                2 : 1      =      3.4 : 1.0,,,,,,,,,
     contains(impressed) = True                2 : 1      =      3.4 : 1.0,,,,,,,,,
        contains(mostly) = True                2 : 1      =      3.4 : 1.0,,,,,,,,,
        contains(worked) = True                2 : 1      =      3.4 : 1.0,,,,,,,,,
          contains(butt) = True                2 : 1      =      3.4 : 1.0,,,,,,,,,
        contains(gergen) = True                2 : 1      =      3.4 : 1.0,,,,,,,,,
       contains(central) = True                2 : 1      =      3.4 : 1.0,,,,,,,,,
          contains(u.s.) = True                2 : 1      =      3.4 : 1.0,,,,,,,,,
         contains(along) = True                2 : 1      =      3.4 : 1.0,,,,,,,,,
       contains(helping) = True                2 : 1      =      3.4 : 1.0,,,,,,,,,
    contains(successful) = True                2 : 1      =      3.4 : 1.0,,,,,,,,,
       contains(closing) = True                2 : 1      =      3.4 : 1.0,,,,,,,,,
        contains(mother) = True                2 : 1      =      3.4 : 1.0,,,,,,,,,
           contains(tea) = True                2 : 1      =      3.4 : 1.0,,,,,,,,,
      contains(believes) = True                2 : 1      =      3.4 : 1.0,,,,,,,,,
          contains(soon) = True                2 : 1      =      3.4 : 1.0,,,,,,,,,
           contains(gop) = True                3 : 2      =      3.4 : 1.0,,,,,,,,,
          contains(john) = True                3 : 2      =      3.4 : 1.0,,,,,,,,,
          contains(mean) = True                3 : 2      =      3.4 : 1.0,,,,,,,,,
           contains(man) = True                3 : 2      =      3.4 : 1.0,,,,,,,,,
        contains(wonder) = True                3 : 2      =      3.4 : 1.0,,,,,,,,,
          contains(both) = True                3 : 4      =      3.3 : 1.0,,,,,,,,,
         contains(point) = True                3 : 4      =      3.3 : 1.0,,,,,,,,,
          contains(good) = True                2 : 4      =      3.3 : 1.0,,,,,,,,,
        contains(mcpain) = True                1 : 4      =      3.3 : 1.0,,,,,,,,,
           contains(far) = True                2 : 3      =      3.3 : 1.0,,,,,,,,,
       contains(senator) = True                1 : 2      =      3.3 : 1.0,,,,,,,,,
       contains(reality) = True                4 : 2      =      3.3 : 1.0,,,,,,,,,
     contains(something) = True                4 : 2      =      3.3 : 1.0,,,,,,,,,
         contains(video) = True                4 : 2      =      3.3 : 1.0,,,,,,,,,
          contains(make) = True                1 : 2      =      3.2 : 1.0,,,,,,,,,
         contains(sarah) = True                3 : 4      =      3.2 : 1.0,,,,,,,,,
       contains(america) = True                3 : 4      =      3.2 : 1.0,,,,,,,,,
           contains(pow) = True                3 : 4      =      3.2 : 1.0,,,,,,,,,
         contains(maybe) = True                3 : 4      =      3.2 : 1.0,,,,,,,,,
       contains(hatchet) = True                2 : 1      =      3.2 : 1.0,,,,,,,,,
         contains(track) = True                2 : 1      =      3.2 : 1.0,,,,,,,,,
           contains(top) = True                2 : 1      =      3.2 : 1.0,,,,,,,,,
       contains(instead) = True                1 : 2      =      3.2 : 1.0,,,,,,,,,
          contains(into) = True                1 : 2      =      3.1 : 1.0,,,,,,,,,
       contains(because) = True                1 : 4      =      3.1 : 1.0,,,,,,,,,
           contains(lol) = True                4 : 2      =      3.1 : 1.0,,,,,,,,,
          contains(down) = True                3 : 4      =      3.1 : 1.0,,,,,,,,,
         contains(seems) = True                3 : 4      =      3.1 : 1.0,,,,,,,,,
        contains(strong) = True                3 : 1      =      3.1 : 1.0,,,,,,,,,
     contains(ignorance) = True                3 : 1      =      3.1 : 1.0,,,,,,,,,
       contains(growing) = True                3 : 1      =      3.1 : 1.0,,,,,,,,,
 contains(revolutionary) = True                3 : 1      =      3.1 : 1.0,,,,,,,,,
           contains(hes) = True                3 : 1      =      3.1 : 1.0,,,,,,,,,
         contains(bible) = True                3 : 1      =      3.1 : 1.0,,,,,,,,,
       contains(evening) = True                3 : 1      =      3.1 : 1.0,,,,,,,,,
          contains(sooo) = True                3 : 1      =      3.1 : 1.0,,,,,,,,,
           contains(btw) = True                3 : 1      =      3.1 : 1.0,,,,,,,,,
           contains(due) = True                3 : 1      =      3.1 : 1.0,,,,,,,,,
       contains(finally) = True                3 : 1      =      3.1 : 1.0,,,,,,,,,
         contains(feels) = True                3 : 1      =      3.1 : 1.0,,,,,,,,,
        contains(laptop) = True                3 : 1      =      3.1 : 1.0,,,,,,,,,
       contains(forward) = True                3 : 1      =      3.1 : 1.0,,,,,,,,,
    contains(advocating) = True                3 : 1      =      3.1 : 1.0,,,,,,,,,
          contains(felt) = True                3 : 1      =      3.1 : 1.0,,,,,,,,,
       contains(dignity) = True                3 : 1      =      3.1 : 1.0,,,,,,,,,
       contains(changed) = True                3 : 1      =      3.1 : 1.0,,,,,,,,,
        contains(tonite) = True                3 : 1      =      3.1 : 1.0,,,,,,,,,
     contains(gentleman) = True                3 : 1      =      3.1 : 1.0,,,,,,,,,
       contains(request) = True                3 : 1      =      3.1 : 1.0,,,,,,,,,
           contains(ads) = True                3 : 1      =      3.1 : 1.0,,,,,,,,,
        contains(asleep) = True                3 : 1      =      3.1 : 1.0,,,,,,,,,
          contains(math) = True                3 : 1      =      3.1 : 1.0,,,,,,,,,
       contains(pundits) = True                3 : 1      =      3.1 : 1.0,,,,,,,,,
      contains(problems) = True                3 : 1      =      3.1 : 1.0,,,,,,,,,
  contains(expectations) = True                3 : 1      =      3.1 : 1.0,,,,,,,,,
       contains(bedtime) = True                3 : 1      =      3.1 : 1.0,,,,,,,,,
    contains(regulation) = True                3 : 1      =      3.1 : 1.0,,,,,,,,,
        contains(notice) = True                3 : 1      =      3.1 : 1.0,,,,,,,,,
         contains(split) = True                3 : 1      =      3.1 : 1.0,,,,,,,,,
         contains(cries) = True                3 : 1      =      3.1 : 1.0,,,,,,,,,
      contains(mentions) = True                3 : 1      =      3.1 : 1.0,,,,,,,,,
   contains(information) = True                3 : 1      =      3.1 : 1.0,,,,,,,,,
contains(dismissiveness) = True                3 : 1      =      3.1 : 1.0,,,,,,,,,
          contains(turf) = True                3 : 1      =      3.1 : 1.0,,,,,,,,,
     contains(substance) = True                3 : 1      =      3.1 : 1.0,,,,,,,,,
      contains(treating) = True                3 : 1      =      3.1 : 1.0,,,,,,,,,
           contains(hit) = True                3 : 1      =      3.1 : 1.0,,,,,,,,,
          contains(epic) = True                3 : 1      =      3.1 : 1.0,,,,,,,,,
     contains(confident) = True                3 : 1      =      3.1 : 1.0,,,,,,,,,
      contains(eloquent) = True                3 : 1      =      3.1 : 1.0,,,,,,,,,
         contains(bully) = True                3 : 1      =      3.1 : 1.0,,,,,,,,,
         contains(c'mon) = True                3 : 1      =      3.1 : 1.0,,,,,,,,,
         contains(throw) = True                3 : 1      =      3.1 : 1.0,,,,,,,,,
         contains(often) = True                3 : 1      =      3.1 : 1.0,,,,,,,,,
        contains(remark) = True                3 : 1      =      3.1 : 1.0,,,,,,,,,
           contains(pop) = True                3 : 1      =      3.1 : 1.0,,,,,,,,,
          contains(mate) = True                3 : 1      =      3.1 : 1.0,,,,,,,,,
        contains(corner) = True                3 : 1      =      3.1 : 1.0,,,,,,,,,
         contains(stage) = True                3 : 1      =      3.1 : 1.0,,,,,,,,,
     contains(judgement) = True                3 : 1      =      3.1 : 1.0,,,,,,,,,
         contains(shock) = True                3 : 1      =      3.1 : 1.0,,,,,,,,,
         contains(kudos) = True                3 : 1      =      3.1 : 1.0,,,,,,,,,
           contains(npr) = True                3 : 1      =      3.1 : 1.0,,,,,,,,,
         contains(works) = True                3 : 1      =      3.1 : 1.0,,,,,,,,,
       contains(treated) = True                3 : 1      =      3.1 : 1.0,,,,,,,,,
      contains(relevant) = True                3 : 1      =      3.1 : 1.0,,,,,,,,,
         contains(notes) = True                3 : 1      =      3.1 : 1.0,,,,,,,,,
      contains(centrist) = True                3 : 1      =      3.1 : 1.0,,,,,,,,,
       contains(guilani) = True                3 : 1      =      3.1 : 1.0,,,,,,,,,
          contains(sent) = True                3 : 1      =      3.1 : 1.0,,,,,,,,,
          contains(join) = True                3 : 1      =      3.1 : 1.0,,,,,,,,,
        contains(pulled) = True                3 : 1      =      3.1 : 1.0,,,,,,,,,
       contains(unclear) = True                3 : 1      =      3.1 : 1.0,,,,,,,,,
        contains(fairly) = True                3 : 1      =      3.1 : 1.0,,,,,,,,,
         contains(plays) = True                3 : 1      =      3.1 : 1.0,,,,,,,,,
        contains(direct) = True                3 : 1      =      3.1 : 1.0,,,,,,,,,
        contains(person) = True                3 : 1      =      3.1 : 1.0,,,,,,,,,
       contains(koreans) = True                3 : 1      =      3.1 : 1.0,,,,,,,,,
          contains(odds) = True                3 : 1      =      3.1 : 1.0,,,,,,,,,
      contains(breaking) = True                3 : 1      =      3.1 : 1.0,,,,,,,,,
       contains(typical) = True                3 : 1      =      3.1 : 1.0,,,,,,,,,
      contains(hearings) = True                3 : 1      =      3.1 : 1.0,,,,,,,,,
   contains(castellanos) = True                3 : 1      =      3.1 : 1.0,,,,,,,,,
      contains(generous) = True                3 : 1      =      3.1 : 1.0,,,,,,,,,
          contains(ball) = True                3 : 1      =      3.1 : 1.0,,,,,,,,,
       contains(general) = True                3 : 1      =      3.1 : 1.0,,,,,,,,,
       contains(evading) = True                3 : 1      =      3.1 : 1.0,,,,,,,,,
contains(http://tinyurl.com/4ve7f2) = True                3 : 1      =      3.1 : 1.0,,,,,,,,,
     contains(strongest) = True                3 : 1      =      3.1 : 1.0,,,,,,,,,
      contains(followed) = True                3 : 1      =      3.1 : 1.0,,,,,,,,,
      contains(consider) = True                3 : 1      =      3.1 : 1.0,,,,,,,,,
        contains(phrase) = True                3 : 1      =      3.1 : 1.0,,,,,,,,,
       contains(bastard) = True                3 : 1      =      3.1 : 1.0,,,,,,,,,
       contains(network) = True                3 : 1      =      3.1 : 1.0,,,,,,,,,
       contains(trained) = True                3 : 1      =      3.1 : 1.0,,,,,,,,,
           contains(cuz) = True                3 : 1      =      3.1 : 1.0,,,,,,,,,
        contains(poorly) = True                3 : 1      =      3.1 : 1.0,,,,,,,,,
         contains(quiet) = True                3 : 1      =      3.1 : 1.0,,,,,,,,,
         contains(ain't) = True                3 : 1      =      3.1 : 1.0,,,,,,,,,
         contains(petty) = True                3 : 1      =      3.1 : 1.0,,,,,,,,,
        contains(gaffes) = True                3 : 1      =      3.1 : 1.0,,,,,,,,,
       contains(depends) = True                3 : 1      =      3.1 : 1.0,,,,,,,,,
     contains(pointless) = True                3 : 1      =      3.1 : 1.0,,,,,,,,,
      contains(emphasis) = True                3 : 1      =      3.1 : 1.0,,,,,,,,,
          contains(mark) = True                3 : 1      =      3.1 : 1.0,,,,,,,,,
       contains(african) = True                3 : 1      =      3.1 : 1.0,,,,,,,,,
       contains(leaning) = True                3 : 1      =      3.1 : 1.0,,,,,,,,,
     contains(necessary) = True                3 : 1      =      3.1 : 1.0,,,,,,,,,
      contains(twisting) = True                3 : 1      =      3.1 : 1.0,,,,,,,,,
      contains(coverage) = True                3 : 1      =      3.1 : 1.0,,,,,,,,,
        contains(covert) = True                3 : 1      =      3.1 : 1.0,,,,,,,,,
         contains(media) = True                3 : 1      =      3.1 : 1.0,,,,,,,,,
        contains(obama-) = True                3 : 1      =      3.1 : 1.0,,,,,,,,,
           contains(yrs) = True                3 : 1      =      3.1 : 1.0,,,,,,,,,
       contains(stutter) = True                3 : 1      =      3.1 : 1.0,,,,,,,,,
          contains(core) = True                3 : 1      =      3.1 : 1.0,,,,,,,,,
         contains(blind) = True                3 : 1      =      3.1 : 1.0,,,,,,,,,
        contains(taking) = True                3 : 1      =      3.1 : 1.0,,,,,,,,,
          contains(fell) = True                3 : 1      =      3.1 : 1.0,,,,,,,,,
         contains(shown) = True                3 : 1      =      3.1 : 1.0,,,,,,,,,
        contains(starts) = True                3 : 1      =      3.1 : 1.0,,,,,,,,,
         contains(henry) = True                3 : 1      =      3.1 : 1.0,,,,,,,,,
      contains(judgment) = True                3 : 1      =      3.1 : 1.0,,,,,,,,,
          contains(amen) = True                3 : 1      =      3.1 : 1.0,,,,,,,,,
        contains(honest) = True                3 : 1      =      3.1 : 1.0,,,,,,,,,
         contains(liver) = True                3 : 1      =      3.1 : 1.0,,,,,,,,,
         contains(nat'l) = True                3 : 1      =      3.1 : 1.0,,,,,,,,,
          contains(slam) = True                3 : 1      =      3.1 : 1.0,,,,,,,,,
          contains(skin) = True                3 : 1      =      3.1 : 1.0,,,,,,,,,
         contains(water) = True                3 : 1      =      3.1 : 1.0,,,,,,,,,
        contains(resist) = True                3 : 1      =      3.1 : 1.0,,,,,,,,,
       contains(address) = True                3 : 1      =      3.1 : 1.0,,,,,,,,,
         contains(polls) = True                3 : 1      =      3.1 : 1.0,,,,,,,,,
         contains(apart) = True                3 : 1      =      3.1 : 1.0,,,,,,,,,
     contains(hopefully) = True                3 : 1      =      3.1 : 1.0,,,,,,,,,
          contains(bias) = True                3 : 1      =      3.1 : 1.0,,,,,,,,,
        contains(behind) = True                3 : 1      =      3.1 : 1.0,,,,,,,,,
      contains(repeated) = True                3 : 1      =      3.1 : 1.0,,,,,,,,,
     contains(factcheck) = True                3 : 1      =      3.1 : 1.0,,,,,,,,,
     contains(ourselves) = True                3 : 1      =      3.1 : 1.0,,,,,,,,,
       contains(blinked) = True                3 : 1      =      3.1 : 1.0,,,,,,,,,
          contains(jail) = True                3 : 1      =      3.1 : 1.0,,,,,,,,,
        contains(cranky) = True                3 : 1      =      3.1 : 1.0,,,,,,,,,
         contains(acted) = True                3 : 1      =      3.1 : 1.0,,,,,,,,,
       contains(chooses) = True                3 : 1      =      3.1 : 1.0,,,,,,,,,
         contains(worry) = True                3 : 1      =      3.1 : 1.0,,,,,,,,,
         contains(match) = True                3 : 1      =      3.1 : 1.0,,,,,,,,,
          contains(imho) = True                3 : 1      =      3.1 : 1.0,,,,,,,,,
         contains(rules) = True                3 : 1      =      3.1 : 1.0,,,,,,,,,
         contains(later) = True                3 : 1      =      3.1 : 1.0,,,,,,,,,
        contains(simple) = True                3 : 1      =      3.1 : 1.0,,,,,,,,,
           contains(hah) = True                3 : 1      =      3.1 : 1.0,,,,,,,,,
         contains(meter) = True                3 : 1      =      3.1 : 1.0,,,,,,,,,
         contains(blame) = True                3 : 1      =      3.1 : 1.0,,,,,,,,,
        contains(moment) = True                3 : 1      =      3.1 : 1.0,,,,,,,,,
   contains(credibility) = True                3 : 1      =      3.1 : 1.0,,,,,,,,,
   contains(entitlement) = True                3 : 1      =      3.1 : 1.0,,,,,,,,,
        contains(proved) = True                3 : 1      =      3.1 : 1.0,,,,,,,,,
       contains(phrases) = True                3 : 1      =      3.1 : 1.0,,,,,,,,,
        contains(seemed) = True                3 : 1      =      3.1 : 1.0,,,,,,,,,
        contains(idiots) = True                3 : 1      =      3.1 : 1.0,,,,,,,,,
        contains(a-hole) = True                3 : 1      =      3.1 : 1.0,,,,,,,,,
   contains(perspective) = True                3 : 1      =      3.1 : 1.0,,,,,,,,,
         contains(spoke) = True                3 : 1      =      3.1 : 1.0,,,,,,,,,
          contains(land) = True                3 : 1      =      3.1 : 1.0,,,,,,,,,
       contains(opposed) = True                3 : 1      =      3.1 : 1.0,,,,,,,,,
     contains(represent) = True                3 : 1      =      3.1 : 1.0,,,,,,,,,
          contains(fake) = True                3 : 1      =      3.1 : 1.0,,,,,,,,,
      contains(mistakes) = True                3 : 1      =      3.1 : 1.0,,,,,,,,,
      contains(geppetto) = True                3 : 1      =      3.1 : 1.0,,,,,,,,,
         contains(favor) = True                3 : 1      =      3.1 : 1.0,,,,,,,,,
     contains(attacking) = True                3 : 1      =      3.1 : 1.0,,,,,,,,,
         contains(smoke) = True                3 : 1      =      3.1 : 1.0,,,,,,,,,
        contains(stayed) = True                3 : 1      =      3.1 : 1.0,,,,,,,,,
       contains(frankly) = True                3 : 1      =      3.1 : 1.0,,,,,,,,,
        contains(invite) = True                3 : 1      =      3.1 : 1.0,,,,,,,,,
           contains(gen) = True                3 : 1      =      3.1 : 1.0,,,,,,,,,
        contains(budget) = True                3 : 1      =      3.1 : 1.0,,,,,,,,,
         contains(order) = True                3 : 1      =      3.1 : 1.0,,,,,,,,,
       contains(guliani) = True                3 : 1      =      3.1 : 1.0,,,,,,,,,
        contains(showed) = True                3 : 1      =      3.1 : 1.0,,,,,,,,,
       contains(channel) = True                3 : 1      =      3.1 : 1.0,,,,,,,,,
       contains(trouble) = True                3 : 1      =      3.1 : 1.0,,,,,,,,,
       contains(present) = True                3 : 1      =      3.1 : 1.0,,,,,,,,,
         contains(prove) = True                3 : 1      =      3.1 : 1.0,,,,,,,,,
          contains(wrap) = True                3 : 1      =      3.1 : 1.0,,,,,,,,,
         contains(wanna) = True                3 : 1      =      3.1 : 1.0,,,,,,,,,
        contains(polled) = True                3 : 1      =      3.1 : 1.0,,,,,,,,,
         contains(silly) = True                3 : 1      =      3.1 : 1.0,,,,,,,,,
         contains(forth) = True                3 : 1      =      3.1 : 1.0,,,,,,,,,
         contains(power) = True                3 : 1      =      3.1 : 1.0,,,,,,,,,
        contains(brooks) = True                3 : 1      =      3.1 : 1.0,,,,,,,,,
     contains(positions) = True                3 : 1      =      3.1 : 1.0,,,,,,,,,
       contains(pointed) = True                3 : 1      =      3.1 : 1.0,,,,,,,,,
        contains(pushed) = True                3 : 1      =      3.1 : 1.0,,,,,,,,,
       contains(missing) = True                3 : 1      =      3.1 : 1.0,,,,,,,,,
      contains(clueless) = True                3 : 1      =      3.1 : 1.0,,,,,,,,,
         contains(logic) = True                3 : 1      =      3.1 : 1.0,,,,,,,,,
       contains(avoided) = True                3 : 1      =      3.1 : 1.0,,,,,,,,,
        contains(taller) = True                3 : 1      =      3.1 : 1.0,,,,,,,,,
       contains(without) = True                4 : 1      =      3.1 : 1.0,,,,,,,,,
          contains(last) = True                1 : 4      =      3.1 : 1.0,,,,,,,,,
           contains(his) = True                1 : 4      =      3.1 : 1.0,,,,,,,,,
          contains(says) = True                3 : 4      =      3.1 : 1.0,,,,,,,,,
        contains(anyone) = True                4 : 2      =      3.1 : 1.0,,,,,,,,,
         contains(biden) = True                3 : 2      =      3.0 : 1.0,,,,,,,,,
       contains(friends) = True                3 : 2      =      3.0 : 1.0,,,,,,,,,
        contains(things) = True                3 : 2      =      3.0 : 1.0,,,,,,,,,
          contains(back) = True                2 : 4      =      3.0 : 1.0,,,,,,,,,
           contains(pin) = True                4 : 1      =      3.0 : 1.0,,,,,,,,,
        contains(screen) = True                4 : 1      =      3.0 : 1.0,,,,,,,,,
           contains(mic) = True                4 : 1      =      3.0 : 1.0,,,,,,,,,
          contains(move) = True                4 : 1      =      3.0 : 1.0,,,,,,,,,
           contains(yet) = True                1 : 2      =      3.0 : 1.0,,,,,,,,,
         contains(today) = True                1 : 2      =      3.0 : 1.0,,,,,,,,,
          contains(full) = True                1 : 2      =      3.0 : 1.0,,,,,,,,,
           contains(vet) = True                1 : 2      =      3.0 : 1.0,,,,,,,,,
         contains(false) = True                1 : 2      =      3.0 : 1.0,,,,,,,,,
      contains(wouldn't) = True                1 : 2      =      3.0 : 1.0,,,,,,,,,
     contains(dangerous) = True                1 : 2      =      3.0 : 1.0,,,,,,,,,
      contains(training) = True                1 : 2      =      3.0 : 1.0,,,,,,,,,
          contains(look) = True                1 : 3      =      3.0 : 1.0,,,,,,,,,
       contains(believe) = True                1 : 4      =      3.0 : 1.0,,,,,,,,,
        contains(freeze) = True                1 : 4      =      3.0 : 1.0,,,,,,,,,
         contains(quite) = True                2 : 4      =      2.9 : 1.0,,,,,,,,,
          contains(lies) = True                1 : 2      =      2.9 : 1.0,,,,,,,,,
         contains(still) = True                1 : 3      =      2.9 : 1.0,,,,,,,,,
        contains(voting) = True                1 : 4      =      2.9 : 1.0,,,,,,,,,
          contains(take) = True                1 : 4      =      2.9 : 1.0,,,,,,,,,
      contains(response) = True                2 : 4      =      2.8 : 1.0,,,,,,,,,
           contains(she) = True                1 : 2      =      2.8 : 1.0,,,,,,,,,
           contains(got) = True                3 : 2      =      2.8 : 1.0,,,,,,,,,
          contains(many) = True                3 : 2      =      2.8 : 1.0,,,,,,,,,
       contains(current) = True                2 : 1      =      2.8 : 1.0,,,,,,,,,
      contains(audience) = True                4 : 1      =      2.8 : 1.0,,,,,,,,,
         contains(after) = True                3 : 4      =      2.8 : 1.0,,,,,,,,,
        contains(lehrer) = True                3 : 1      =      2.8 : 1.0,,,,,,,,,
           contains(guy) = True                3 : 2      =      2.8 : 1.0,,,,,,,,,
          contains(guys) = True                3 : 2      =      2.8 : 1.0,,,,,,,,,
       contains(exactly) = True                3 : 2      =      2.8 : 1.0,,,,,,,,,
         contains(sleep) = True                4 : 1      =      2.8 : 1.0,,,,,,,,,
         contains(party) = True                4 : 1      =      2.8 : 1.0,,,,,,,,,
   contains(#debateok08) = True                4 : 1      =      2.8 : 1.0,,,,,,,,,
          contains(made) = True                4 : 1      =      2.8 : 1.0,,,,,,,,,
          contains(clip) = True                4 : 1      =      2.8 : 1.0,,,,,,,,,
          contains(send) = True                4 : 1      =      2.8 : 1.0,,,,,,,,,
          contains(word) = True                2 : 1      =      2.7 : 1.0,,,,,,,,,
         contains(least) = True                2 : 1      =      2.7 : 1.0,,,,,,,,,
          contains(orgy) = True                2 : 1      =      2.7 : 1.0,,,,,,,,,
           contains(our) = True                2 : 3      =      2.7 : 1.0,,,,,,,,,
        contains(issues) = True                4 : 1      =      2.7 : 1.0,,,,,,,,,
          contains(much) = True                3 : 2      =      2.7 : 1.0,,,,,,,,,
         contains(could) = True                3 : 1      =      2.7 : 1.0,,,,,,,,,
       contains(torture) = True                2 : 1      =      2.7 : 1.0,,,,,,,,,
          contains(bite) = True                2 : 1      =      2.7 : 1.0,,,,,,,,,
         contains(makes) = True                1 : 3      =      2.7 : 1.0,,,,,,,,,
           contains(eye) = True                1 : 3      =      2.7 : 1.0,,,,,,,,,
           contains(are) = True                1 : 2      =      2.7 : 1.0,,,,,,,,,
          contains(room) = True                4 : 2      =      2.7 : 1.0,,,,,,,,,
      contains(standing) = True                4 : 2      =      2.7 : 1.0,,,,,,,,,
        contains(please) = True                4 : 2      =      2.7 : 1.0,,,,,,,,,
           contains(bar) = True                4 : 2      =      2.7 : 1.0,,,,,,,,,
           contains(say) = True                3 : 2      =      2.7 : 1.0,,,,,,,,,
          contains(here) = True                4 : 3      =      2.7 : 1.0,,,,,,,,,
        contains(barack) = True                3 : 2      =      2.6 : 1.0,,,,,,,,,
          contains(shit) = True                1 : 4      =      2.6 : 1.0,,,,,,,,,
        contains(making) = True                1 : 4      =      2.6 : 1.0,,,,,,,,,
           contains(lot) = True                1 : 4      =      2.6 : 1.0,,,,,,,,,
         contains(weird) = True                1 : 4      =      2.6 : 1.0,,,,,,,,,
          contains(love) = True                2 : 1      =      2.6 : 1.0,,,,,,,,,
          contains(just) = True                3 : 2      =      2.6 : 1.0,,,,,,,,,
           contains(its) = True                3 : 1      =      2.6 : 1.0,,,,,,,,,
     contains(answering) = True                1 : 2      =      2.6 : 1.0,,,,,,,,,
      contains(drilling) = True                1 : 2      =      2.6 : 1.0,,,,,,,,,
        contains(wasn't) = True                3 : 4      =      2.6 : 1.0,,,,,,,,,
           contains(wow) = True                2 : 4      =      2.6 : 1.0,,,,,,,,,
    contains(experience) = True                2 : 4      =      2.6 : 1.0,,,,,,,,,
         contains(aisle) = True                2 : 1      =      2.6 : 1.0,,,,,,,,,
   contains(post-debate) = True                2 : 1      =      2.6 : 1.0,,,,,,,,,
       contains(science) = True                2 : 1      =      2.6 : 1.0,,,,,,,,,
       contains(control) = True                2 : 1      =      2.6 : 1.0,,,,,,,,,
     contains(loopholes) = True                2 : 1      =      2.6 : 1.0,,,,,,,,,
         contains(while) = True                2 : 4      =      2.6 : 1.0,,,,,,,,,
          contains(know) = True                3 : 2      =      2.6 : 1.0,,,,,,,,,
       contains(already) = True                4 : 2      =      2.6 : 1.0,,,,,,,,,
         contains(again) = True                1 : 4      =      2.5 : 1.0,,,,,,,,,
          contains(same) = True                3 : 2      =      2.5 : 1.0,,,,,,,,,
         contains(wrong) = True                3 : 2      =      2.5 : 1.0,,,,,,,,,
        contains(simply) = True                1 : 2      =      2.5 : 1.0,,,,,,,,,
          contains(such) = True                1 : 2      =      2.5 : 1.0,,,,,,,,,
         contains(he'll) = True                1 : 2      =      2.5 : 1.0,,,,,,,,,
         contains(kerry) = True                1 : 2      =      2.5 : 1.0,,,,,,,,,
     contains(repeating) = True                1 : 2      =      2.5 : 1.0,,,,,,,,,
          contains(play) = True                1 : 2      =      2.5 : 1.0,,,,,,,,,
      contains(debating) = True                1 : 2      =      2.5 : 1.0,,,,,,,,,
      contains(language) = True                1 : 2      =      2.5 : 1.0,,,,,,,,,
        contains(second) = True                1 : 2      =      2.5 : 1.0,,,,,,,,,
         contains(quote) = True                1 : 2      =      2.5 : 1.0,,,,,,,,,
      contains(starting) = True                1 : 2      =      2.5 : 1.0,,,,,,,,,
     contains(different) = True                1 : 2      =      2.5 : 1.0,,,,,,,,,
        contains(claims) = True                1 : 2      =      2.5 : 1.0,,,,,,,,,
         contains(lying) = True                1 : 2      =      2.5 : 1.0,,,,,,,,,
          contains(find) = True                1 : 2      =      2.5 : 1.0,,,,,,,,,
          contains(rudy) = True                1 : 2      =      2.5 : 1.0,,,,,,,,,
    contains(ridiculous) = True                1 : 2      =      2.5 : 1.0,,,,,,,,,
    contains(stuttering) = True                1 : 2      =      2.5 : 1.0,,,,,,,,,
           contains(fox) = True                4 : 1      =      2.5 : 1.0,,,,,,,,,
          contains(real) = True                4 : 3      =      2.5 : 1.0,,,,,,,,,
       contains(results) = True                4 : 3      =      2.5 : 1.0,,,,,,,,,
          contains(well) = True                3 : 4      =      2.5 : 1.0,,,,,,,,,
           contains(way) = True                3 : 4      =      2.5 : 1.0,,,,,,,,,
      contains(comments) = True                2 : 1      =      2.5 : 1.0,,,,,,,,,
        contains(health) = True                2 : 4      =      2.5 : 1.0,,,,,,,,,
     contains(education) = True                2 : 4      =      2.5 : 1.0,,,,,,,,,
          contains(lost) = True                1 : 3      =      2.5 : 1.0,,,,,,,,,
      contains(reacting) = True                4 : 2      =      2.5 : 1.0,,,,,,,,,
         contains(minds) = True                4 : 2      =      2.5 : 1.0,,,,,,,,,
       contains(#winner) = True                4 : 2      =      2.5 : 1.0,,,,,,,,,
        contains(public) = True                4 : 2      =      2.5 : 1.0,,,,,,,,,
         contains(asked) = True                4 : 2      =      2.5 : 1.0,,,,,,,,,
      contains(petraeus) = True                4 : 2      =      2.5 : 1.0,,,,,,,,,
       contains(scoring) = True                4 : 2      =      2.5 : 1.0,,,,,,,,,
          contains(test) = True                4 : 2      =      2.5 : 1.0,,,,,,,,,
           contains(boy) = True                4 : 2      =      2.5 : 1.0,,,,,,,,,
         contains(earth) = True                4 : 2      =      2.5 : 1.0,,,,,,,,,
         contains(south) = True                4 : 2      =      2.5 : 1.0,,,,,,,,,
       contains(youtube) = True                4 : 2      =      2.5 : 1.0,,,,,,,,,
        contains(israel) = True                4 : 2      =      2.5 : 1.0,,,,,,,,,
           contains(dvr) = True                4 : 2      =      2.5 : 1.0,,,,,,,,,
         contains(nukes) = True                4 : 2      =      2.5 : 1.0,,,,,,,,,
         contains(graph) = True                4 : 2      =      2.5 : 1.0,,,,,,,,,
         contains(paper) = True                4 : 2      =      2.5 : 1.0,,,,,,,,,
      contains(newshour) = True                4 : 2      =      2.5 : 1.0,,,,,,,,,
          contains(baby) = True                4 : 2      =      2.5 : 1.0,,,,,,,,,
          contains(lots) = True                4 : 2      =      2.5 : 1.0,,,,,,,,,
       contains(brought) = True                4 : 2      =      2.5 : 1.0,,,,,,,,,
    contains(background) = True                4 : 2      =      2.5 : 1.0,,,,,,,,,
         contains(kinda) = True                4 : 2      =      2.5 : 1.0,,,,,,,,,
           contains(add) = True                4 : 2      =      2.5 : 1.0,,,,,,,,,
         contains(spend) = True                4 : 2      =      2.5 : 1.0,,,,,,,,,
   contains(differences) = True                4 : 2      =      2.5 : 1.0,,,,,,,,,
         contains(speed) = True                4 : 2      =      2.5 : 1.0,,,,,,,,,
        contains(follow) = True                4 : 2      =      2.5 : 1.0,,,,,,,,,
      contains(proposed) = True                4 : 2      =      2.5 : 1.0,,,,,,,,,
       contains(polling) = True                4 : 2      =      2.5 : 1.0,,,,,,,,,
          contains(hide) = True                4 : 2      =      2.5 : 1.0,,,,,,,,,
         contains(laden) = True                4 : 2      =      2.5 : 1.0,,,,,,,,,
          contains(damn) = True                4 : 2      =      2.5 : 1.0,,,,,,,,,
         contains(death) = True                4 : 2      =      2.5 : 1.0,,,,,,,,,
      contains(laughing) = True                4 : 2      =      2.5 : 1.0,,,,,,,,,
      contains(tortured) = True                4 : 2      =      2.5 : 1.0,,,,,,,,,
         contains(sides) = True                4 : 2      =      2.5 : 1.0,,,,,,,,,
         contains(wants) = True                4 : 2      =      2.5 : 1.0,,,,,,,,,
          contains(hear) = True                4 : 2      =      2.5 : 1.0,,,,,,,,,
        contains(mccain) = True                1 : 4      =      2.5 : 1.0,,,,,,,,,
         contains(would) = True                3 : 2      =      2.4 : 1.0,,,,,,,,,
           contains(who) = True                3 : 2      =      2.4 : 1.0,,,,,,,,,
         contains(we've) = True                3 : 4      =      2.4 : 1.0,,,,,,,,,
        contains(needed) = True                3 : 4      =      2.4 : 1.0,,,,,,,,,
         contains(knock) = True                3 : 4      =      2.4 : 1.0,,,,,,,,,
         contains(heart) = True                3 : 4      =      2.4 : 1.0,,,,,,,,,
          contains(fail) = True                3 : 4      =      2.4 : 1.0,,,,,,,,,
       contains(arguing) = True                3 : 4      =      2.4 : 1.0,,,,,,,,,
       contains(watched) = True                3 : 4      =      2.4 : 1.0,,,,,,,,,
        contains(nicole) = True                3 : 4      =      2.4 : 1.0,,,,,,,,,
      contains(couldn't) = True                3 : 4      =      2.4 : 1.0,,,,,,,,,
       contains(wanting) = True                3 : 4      =      2.4 : 1.0,,,,,,,,,
       contains(bailout) = True                3 : 4      =      2.4 : 1.0,,,,,,,,,
        contains(always) = True                3 : 4      =      2.4 : 1.0,,,,,,,,,
       contains(monitor) = True                3 : 4      =      2.4 : 1.0,,,,,,,,,
         contains(class) = True                3 : 4      =      2.4 : 1.0,,,,,,,,,
           contains(air) = True                3 : 4      =      2.4 : 1.0,,,,,,,,,
          contains(cuts) = True                3 : 4      =      2.4 : 1.0,,,,,,,,,
          contains(king) = True                3 : 4      =      2.4 : 1.0,,,,,,,,,
      contains(declined) = True                3 : 4      =      2.4 : 1.0,,,,,,,,,
      contains(reaction) = True                3 : 4      =      2.4 : 1.0,,,,,,,,,
       contains(obvious) = True                3 : 4      =      2.4 : 1.0,,,,,,,,,
         contains(might) = True                3 : 4      =      2.4 : 1.0,,,,,,,,,
     contains(beginning) = True                3 : 4      =      2.4 : 1.0,,,,,,,,,
         contains(voice) = True                3 : 4      =      2.4 : 1.0,,,,,,,,,
        contains(almost) = True                3 : 4      =      2.4 : 1.0,,,,,,,,,
           contains(etc) = True                3 : 4      =      2.4 : 1.0,,,,,,,,,
          contains(blue) = True                3 : 4      =      2.4 : 1.0,,,,,,,,,
       contains(wallace) = True                3 : 4      =      2.4 : 1.0,,,,,,,,,
         contains(north) = True                3 : 4      =      2.4 : 1.0,,,,,,,,,
          contains(turn) = True                3 : 4      =      2.4 : 1.0,,,,,,,,,
       contains(success) = True                2 : 1      =      2.4 : 1.0,,,,,,,,,
      contains(credible) = True                2 : 1      =      2.4 : 1.0,,,,,,,,,
      contains(reaching) = True                2 : 1      =      2.4 : 1.0,,,,,,,,,
     contains(responses) = True                2 : 1      =      2.4 : 1.0,,,,,,,,,
     contains(brilliant) = True                2 : 1      =      2.4 : 1.0,,,,,,,,,
     contains(hilarious) = True                2 : 1      =      2.4 : 1.0,,,,,,,,,
    contains(disrespect) = True                2 : 1      =      2.4 : 1.0,,,,,,,,,
        contains(couric) = True                2 : 1      =      2.4 : 1.0,,,,,,,,,
      contains(georgian) = True                2 : 1      =      2.4 : 1.0,,,,,,,,,
     contains(admitting) = True                2 : 1      =      2.4 : 1.0,,,,,,,,,
        contains(killed) = True                2 : 1      =      2.4 : 1.0,,,,,,,,,
         contains(round) = True                2 : 1      =      2.4 : 1.0,,,,,,,,,
     contains(challenge) = True                2 : 1      =      2.4 : 1.0,,,,,,,,,
       contains(context) = True                2 : 1      =      2.4 : 1.0,,,,,,,,,
       contains(concise) = True                2 : 1      =      2.4 : 1.0,,,,,,,,,
    contains(technology) = True                2 : 1      =      2.4 : 1.0,,,,,,,,,
         contains(trust) = True                2 : 1      =      2.4 : 1.0,,,,,,,,,
          contains(whoa) = True                2 : 1      =      2.4 : 1.0,,,,,,,,,
    contains(regardless) = True                2 : 1      =      2.4 : 1.0,,,,,,,,,
         contains(based) = True                2 : 1      =      2.4 : 1.0,,,,,,,,,
          contains(star) = True                2 : 1      =      2.4 : 1.0,,,,,,,,,
          contains(haha) = True                2 : 1      =      2.4 : 1.0,,,,,,,,,
        contains(scapel) = True                2 : 1      =      2.4 : 1.0,,,,,,,,,
        contains(allies) = True                2 : 1      =      2.4 : 1.0,,,,,,,,,
       contains(broader) = True                2 : 1      =      2.4 : 1.0,,,,,,,,,
     contains(situation) = True                2 : 1      =      2.4 : 1.0,,,,,,,,,
        contains(nicely) = True                2 : 1      =      2.4 : 1.0,,,,,,,,,
         contains(lucky) = True                2 : 1      =      2.4 : 1.0,,,,,,,,,
         contains(floor) = True                2 : 1      =      2.4 : 1.0,,,,,,,,,
        contains(lesson) = True                2 : 1      =      2.4 : 1.0,,,,,,,,,
      contains(research) = True                2 : 1      =      2.4 : 1.0,,,,,,,,,
        contains(sheesh) = True                2 : 1      =      2.4 : 1.0,,,,,,,,,
    contains(respectful) = True                2 : 1      =      2.4 : 1.0,,,,,,,,,
          contains(does) = True                1 : 2      =      2.4 : 1.0,,,,,,,,,
       contains(#debate) = True                4 : 1      =      2.4 : 1.0,,,,,,,,,
           contains(for) = True                2 : 4      =      2.4 : 1.0,,,,,,,,,
          contains(then) = True                4 : 2      =      2.4 : 1.0,,,,,,,,,
           contains(jim) = True                4 : 1      =      2.4 : 1.0,,,,,,,,,
           contains(not) = True                1 : 4      =      2.4 : 1.0,,,,,,,,,
        contains(people) = True                4 : 2      =      2.4 : 1.0,,,,,,,,,
           contains(day) = True                1 : 2      =      2.3 : 1.0,,,,,,,,,
     contains(kissinger) = True                1 : 2      =      2.3 : 1.0,,,,,,,,,
    contains(republican) = True                1 : 2      =      2.3 : 1.0,,,,,,,,,
          contains(hope) = True                1 : 2      =      2.3 : 1.0,,,,,,,,,
          contains(most) = True                2 : 1      =      2.3 : 1.0,,,,,,,,,
     contains(respected) = True                1 : 4      =      2.3 : 1.0,,,,,,,,,
          contains(joke) = True                1 : 4      =      2.3 : 1.0,,,,,,,,,
         contains(other) = True                3 : 2      =      2.3 : 1.0,,,,,,,,,
      contains(bracelet) = True                4 : 2      =      2.3 : 1.0,,,,,,,,,
        contains(saying) = True                2 : 4      =      2.3 : 1.0,,,,,,,,,
        contains(answer) = True                2 : 4      =      2.3 : 1.0,,,,,,,,,
          contains(spin) = True                4 : 2      =      2.3 : 1.0,,,,,,,,,
          contains(sure) = True                3 : 4      =      2.3 : 1.0,,,,,,,,,
         contains(issue) = True                3 : 4      =      2.3 : 1.0,,,,,,,,,
      contains(actually) = True                3 : 4      =      2.3 : 1.0,,,,,,,,,
   contains(#mccainshot) = True                3 : 1      =      2.3 : 1.0,,,,,,,,,
         contains(whole) = True                2 : 1      =      2.3 : 1.0,,,,,,,,,
       contains(overall) = True                2 : 1      =      2.3 : 1.0,,,,,,,,,
          contains(left) = True                2 : 1      =      2.3 : 1.0,,,,,,,,,
         contains(don't) = True                1 : 4      =      2.3 : 1.0,,,,,,,,,
      contains(personal) = True                1 : 3      =      2.3 : 1.0,,,,,,,,,
        contains(coming) = True                1 : 3      =      2.3 : 1.0,,,,,,,,,
          contains(vote) = True                3 : 4      =      2.2 : 1.0,,,,,,,,,
       contains(history) = True                3 : 1      =      2.2 : 1.0,,,,,,,,,
          contains(rude) = True                3 : 1      =      2.2 : 1.0,,,,,,,,,
        contains(middle) = True                3 : 1      =      2.2 : 1.0,,,,,,,,,
         contains(won't) = True                1 : 4      =      2.2 : 1.0,,,,,,,,,
           contains(let) = True                4 : 2      =      2.2 : 1.0,,,,,,,,,
      contains(american) = True                1 : 4      =      2.2 : 1.0,,,,,,,,,
        contains(little) = True                3 : 1      =      2.1 : 1.0,,,,,,,,,
          contains(past) = True                3 : 1      =      2.1 : 1.0,,,,,,,,,
        contains(buying) = True                3 : 2      =      2.1 : 1.0,,,,,,,,,
     contains(collected) = True                3 : 2      =      2.1 : 1.0,,,,,,,,,
          contains(hold) = True                3 : 2      =      2.1 : 1.0,,,,,,,,,
       contains(failure) = True                3 : 2      =      2.1 : 1.0,,,,,,,,,
         contains(theme) = True                3 : 2      =      2.1 : 1.0,,,,,,,,,
        contains(macain) = True                3 : 2      =      2.1 : 1.0,,,,,,,,,
        contains(picked) = True                3 : 2      =      2.1 : 1.0,,,,,,,,,
         contains(enjoy) = True                3 : 2      =      2.1 : 1.0,,,,,,,,,
     contains(guilliani) = True                3 : 2      =      2.1 : 1.0,,,,,,,,,
          contains(tied) = True                3 : 2      =      2.1 : 1.0,,,,,,,,,
  contains(transparency) = True                3 : 2      =      2.1 : 1.0,,,,,,,,,
         contains(names) = True                3 : 2      =      2.1 : 1.0,,,,,,,,,
          contains(cost) = True                3 : 2      =      2.1 : 1.0,,,,,,,,,
       contains(weren't) = True                3 : 2      =      2.1 : 1.0,,,,,,,,,
      contains(channels) = True                3 : 2      =      2.1 : 1.0,,,,,,,,,
          contains(term) = True                3 : 2      =      2.1 : 1.0,,,,,,,,,
      contains(touching) = True                3 : 2      =      2.1 : 1.0,,,,,,,,,
         contains(votes) = True                3 : 2      =      2.1 : 1.0,,,,,,,,,
         contains(gov't) = True                3 : 2      =      2.1 : 1.0,,,,,,,,,
         contains(catch) = True                3 : 2      =      2.1 : 1.0,,,,,,,,,
          contains(flat) = True                3 : 2      =      2.1 : 1.0,,,,,,,,,
     contains(surprised) = True                3 : 2      =      2.1 : 1.0,,,,,,,,,
      contains(checking) = True                3 : 2      =      2.1 : 1.0,,,,,,,,,
          contains(took) = True                3 : 2      =      2.1 : 1.0,,,,,,,,,
        contains(drudge) = True                3 : 2      =      2.1 : 1.0,,,,,,,,,
 contains(conservatives) = True                3 : 2      =      2.1 : 1.0,,,,,,,,,
         contains(gotta) = True                3 : 2      =      2.1 : 1.0,,,,,,,,,
    contains(personable) = True                3 : 2      =      2.1 : 1.0,,,,,,,,,
  contains(strengthened) = True                3 : 2      =      2.1 : 1.0,,,,,,,,,
        contains(afraid) = True                3 : 2      =      2.1 : 1.0,,,,,,,,,
     contains(reference) = True                3 : 2      =      2.1 : 1.0,,,,,,,,,
      contains(programs) = True                3 : 2      =      2.1 : 1.0,,,,,,,,,
          contains(heal) = True                3 : 2      =      2.1 : 1.0,,,,,,,,,
contains(misrepresentations) = True                3 : 2      =      2.1 : 1.0,,,,,,,,,
         contains(delta) = True                3 : 2      =      2.1 : 1.0,,,,,,,,,
contains(http://snurl.com/3vlxx) = True                3 : 2      =      2.1 : 1.0,,,,,,,,,
        contains(charge) = True                3 : 2      =      2.1 : 1.0,,,,,,,,,
      contains(majority) = True                3 : 2      =      2.1 : 1.0,,,,,,,,,
        contains(chance) = True                3 : 2      =      2.1 : 1.0,,,,,,,,,
    contains(aggressive) = True                3 : 2      =      2.1 : 1.0,,,,,,,,,
      contains(shooting) = True                3 : 2      =      2.1 : 1.0,,,,,,,,,
        contains(terror) = True                3 : 2      =      2.1 : 1.0,,,,,,,,,
contains(administration) = True                3 : 2      =      2.1 : 1.0,,,,,,,,,
       contains(initial) = True                3 : 2      =      2.1 : 1.0,,,,,,,,,
      contains(everyday) = True                3 : 2      =      2.1 : 1.0,,,,,,,,,
        contains(ronald) = True                3 : 2      =      2.1 : 1.0,,,,,,,,,
     contains(literally) = True                3 : 2      =      2.1 : 1.0,,,,,,,,,
       contains(nervous) = True                3 : 2      =      2.1 : 1.0,,,,,,,,,
        contains(raised) = True                3 : 2      =      2.1 : 1.0,,,,,,,,,
      contains(#comment) = True                3 : 2      =      2.1 : 1.0,,,,,,,,,
    contains(personally) = True                3 : 2      =      2.1 : 1.0,,,,,,,,,
       contains(justice) = True                3 : 2      =      2.1 : 1.0,,,,,,,,,
          contains(ways) = True                3 : 2      =      2.1 : 1.0,,,,,,,,,
      contains(millions) = True                3 : 2      =      2.1 : 1.0,,,,,,,,,
       contains(average) = True                3 : 2      =      2.1 : 1.0,,,,,,,,,
          contains(ears) = True                3 : 2      =      2.1 : 1.0,,,,,,,,,
       contains(winners) = True                3 : 2      =      2.1 : 1.0,,,,,,,,,
        contains(houses) = True                3 : 2      =      2.1 : 1.0,,,,,,,,,
        contains(bridge) = True                3 : 2      =      2.1 : 1.0,,,,,,,,,
       contains(earmark) = True                3 : 2      =      2.1 : 1.0,,,,,,,,,
     contains(americans) = True                3 : 2      =      2.1 : 1.0,,,,,,,,,
    contains(especially) = True                3 : 2      =      2.1 : 1.0,,,,,,,,,
     contains(corporate) = True                3 : 2      =      2.1 : 1.0,,,,,,,,,
           contains(try) = True                3 : 2      =      2.1 : 1.0,,,,,,,,,
         contains(fuzzy) = True                3 : 2      =      2.1 : 1.0,,,,,,,,,
      contains(compared) = True                3 : 2      =      2.1 : 1.0,,,,,,,,,
        contains(report) = True                3 : 2      =      2.1 : 1.0,,,,,,,,,
          contains(verb) = True                3 : 2      =      2.1 : 1.0,,,,,,,,,
          contains(buzz) = True                3 : 2      =      2.1 : 1.0,,,,,,,,,
       contains(linking) = True                3 : 2      =      2.1 : 1.0,,,,,,,,,
       contains(whoever) = True                3 : 2      =      2.1 : 1.0,,,,,,,,,
          contains(evil) = True                3 : 2      =      2.1 : 1.0,,,,,,,,,
     contains(effective) = True                3 : 2      =      2.1 : 1.0,,,,,,,,,
       contains(service) = True                3 : 2      =      2.1 : 1.0,,,,,,,,,
       contains(missile) = True                3 : 2      =      2.1 : 1.0,,,,,,,,,
       contains(gaining) = True                3 : 2      =      2.1 : 1.0,,,,,,,,,
     contains(plausible) = True                3 : 2      =      2.1 : 1.0,,,,,,,,,
         contains(daily) = True                3 : 2      =      2.1 : 1.0,,,,,,,,,
       contains(kristol) = True                3 : 2      =      2.1 : 1.0,,,,,,,,,
        contains(iphone) = True                3 : 2      =      2.1 : 1.0,,,,,,,,,
           contains(cue) = True                3 : 2      =      2.1 : 1.0,,,,,,,,,
       contains(t-shirt) = True                3 : 2      =      2.1 : 1.0,,,,,,,,,
          contains(food) = True                3 : 2      =      2.1 : 1.0,,,,,,,,,
           contains(bet) = True                3 : 2      =      2.1 : 1.0,,,,,,,,,
           contains(led) = True                3 : 2      =      2.1 : 1.0,,,,,,,,,
         contains(fight) = True                3 : 2      =      2.1 : 1.0,,,,,,,,,
          contains(noun) = True                3 : 2      =      2.1 : 1.0,,,,,,,,,
      contains(decrease) = True                3 : 2      =      2.1 : 1.0,,,,,,,,,
        contains(nailed) = True                3 : 2      =      2.1 : 1.0,,,,,,,,,
    contains(completely) = True                3 : 2      =      2.1 : 1.0,,,,,,,,,
    contains(mentioning) = True                3 : 2      =      2.1 : 1.0,,,,,,,,,
        contains(banner) = True                3 : 2      =      2.1 : 1.0,,,,,,,,,
        contains(purple) = True                3 : 2      =      2.1 : 1.0,,,,,,,,,
       contains(lessons) = True                3 : 2      =      2.1 : 1.0,,,,,,,,,
        contains(afford) = True                3 : 2      =      2.1 : 1.0,,,,,,,,,
          contains(oooh) = True                3 : 2      =      2.1 : 1.0,,,,,,,,,
        contains(borger) = True                3 : 2      =      2.1 : 1.0,,,,,,,,,
        contains(moving) = True                3 : 2      =      2.1 : 1.0,,,,,,,,,
       contains(counter) = True                3 : 2      =      2.1 : 1.0,,,,,,,,,
  contains(disappointed) = True                3 : 2      =      2.1 : 1.0,,,,,,,,,
     contains(surpassed) = True                3 : 2      =      2.1 : 1.0,,,,,,,,,
 contains(acknowledging) = True                3 : 2      =      2.1 : 1.0,,,,,,,,,
      contains(horrible) = True                3 : 2      =      2.1 : 1.0,,,,,,,,,
         contains(third) = True                3 : 2      =      2.1 : 1.0,,,,,,,,,
         contains(gives) = True                3 : 2      =      2.1 : 1.0,,,,,,,,,
    contains(bipartisan) = True                3 : 2      =      2.1 : 1.0,,,,,,,,,
         contains(knows) = True                3 : 2      =      2.1 : 1.0,,,,,,,,,
          contains(only) = True                3 : 2      =      2.1 : 1.0,,,,,,,,,
         contains(guess) = True                3 : 2      =      2.1 : 1.0,,,,,,,,,
           contains(may) = True                3 : 2      =      2.1 : 1.0,,,,,,,,,
          contains(came) = True                3 : 2      =      2.1 : 1.0,,,,,,,,,
    contains(#obamashot) = True                3 : 2      =      2.1 : 1.0,,,,,,,,,
        contains(enough) = True                3 : 2      =      2.1 : 1.0,,,,,,,,,
     contains(candidate) = True                3 : 2      =      2.1 : 1.0,,,,,,,,,
      contains(remember) = True                3 : 2      =      2.1 : 1.0,,,,,,,,,
           contains(saw) = True                3 : 2      =      2.1 : 1.0,,,,,,,,,
        contains(father) = True                3 : 2      =      2.1 : 1.0,,,,,,,,,
         contains(ahead) = True                3 : 2      =      2.1 : 1.0,,,,,,,,,
        contains(nearly) = True                3 : 2      =      2.1 : 1.0,,,,,,,,,
        contains(course) = True                3 : 2      =      2.1 : 1.0,,,,,,,,,
         contains(facts) = True                3 : 2      =      2.1 : 1.0,,,,,,,,,
      contains(analysis) = True                4 : 1      =      2.1 : 1.0,,,,,,,,,
       contains(keeping) = True                4 : 1      =      2.1 : 1.0,,,,,,,,,
      contains(together) = True                4 : 1      =      2.1 : 1.0,,,,,,,,,
           contains(yea) = True                4 : 1      =      2.1 : 1.0,,,,,,,,,
          contains(paul) = True                4 : 1      =      2.1 : 1.0,,,,,,,,,
          contains(head) = True                4 : 1      =      2.1 : 1.0,,,,,,,,,
      contains(tomorrow) = True                4 : 1      =      2.1 : 1.0,,,,,,,,,
        contains(google) = True                4 : 1      =      2.1 : 1.0,,,,,,,,,
         contains(doubt) = True                4 : 1      =      2.1 : 1.0,,,,,,,,,
       contains(victory) = True                4 : 1      =      2.1 : 1.0,,,,,,,,,
        contains(reason) = True                4 : 1      =      2.1 : 1.0,,,,,,,,,
        contains(single) = True                4 : 1      =      2.1 : 1.0,,,,,,,,,
     contains(political) = True                4 : 1      =      2.1 : 1.0,,,,,,,,,
         contains(which) = True                4 : 1      =      2.1 : 1.0,,,,,,,,,
        contains(thrown) = True                4 : 1      =      2.1 : 1.0,,,,,,,,,
     contains(expertise) = True                4 : 1      =      2.1 : 1.0,,,,,,,,,
         contains(crack) = True                4 : 1      =      2.1 : 1.0,,,,,,,,,
      contains(speaking) = True                4 : 1      =      2.1 : 1.0,,,,,,,,,
       contains(shocked) = True                4 : 1      =      2.1 : 1.0,,,,,,,,,
           contains(kgb) = True                4 : 1      =      2.1 : 1.0,,,,,,,,,
          contains(fire) = True                4 : 1      =      2.1 : 1.0,,,,,,,,,
           contains(sit) = True                4 : 1      =      2.1 : 1.0,,,,,,,,,
        contains(tweets) = True                4 : 1      =      2.1 : 1.0,,,,,,,,,
    contains(articulate) = True                4 : 1      =      2.1 : 1.0,,,,,,,,,
    contains(television) = True                4 : 1      =      2.1 : 1.0,,,,,,,,,
     contains(direction) = True                4 : 1      =      2.1 : 1.0,,,,,,,,,
       contains(lefties) = True                4 : 1      =      2.1 : 1.0,,,,,,,,,
     contains(prisoners) = True                4 : 1      =      2.1 : 1.0,,,,,,,,,
      contains(football) = True                4 : 1      =      2.1 : 1.0,,,,,,,,,
    contains(presidency) = True                4 : 1      =      2.1 : 1.0,,,,,,,,,
          contains(page) = True                4 : 1      =      2.1 : 1.0,,,,,,,,,
       contains(hosting) = True                4 : 1      =      2.1 : 1.0,,,,,,,,,
        contains(anyway) = True                4 : 1      =      2.1 : 1.0,,,,,,,,,
      contains(knockout) = True                4 : 1      =      2.1 : 1.0,,,,,,,,,
           contains(ant) = True                4 : 1      =      2.1 : 1.0,,,,,,,,,
           contains(met) = True                4 : 1      =      2.1 : 1.0,,,,,,,,,
          contains(ends) = True                4 : 1      =      2.1 : 1.0,,,,,,,,,
        contains(begala) = True                4 : 1      =      2.1 : 1.0,,,,,,,,,
       contains(through) = True                4 : 1      =      2.1 : 1.0,,,,,,,,,
contains(letter-writing) = True                4 : 1      =      2.1 : 1.0,,,,,,,,,
          contains(mins) = True                4 : 1      =      2.1 : 1.0,,,,,,,,,
        contains(friday) = True                4 : 1      =      2.1 : 1.0,,,,,,,,,
       contains(bombing) = True                4 : 1      =      2.1 : 1.0,,,,,,,,,
        contains(bummer) = True                4 : 1      =      2.1 : 1.0,,,,,,,,,
      contains(#twitter) = True                4 : 1      =      2.1 : 1.0,,,,,,,,,
         contains(yahoo) = True                4 : 1      =      2.1 : 1.0,,,,,,,,,
        contains(regard) = True                4 : 1      =      2.1 : 1.0,,,,,,,,,
       contains(peoples) = True                4 : 1      =      2.1 : 1.0,,,,,,,,,
      contains(realized) = True                4 : 1      =      2.1 : 1.0,,,,,,,,,
       contains(foxnews) = True                4 : 1      =      2.1 : 1.0,,,,,,,,,
      contains(olberman) = True                4 : 1      =      2.1 : 1.0,,,,,,,,,
         contains(pants) = True                4 : 1      =      2.1 : 1.0,,,,,,,,,
          contains(geas) = True                4 : 1      =      2.1 : 1.0,,,,,,,,,
      contains(platform) = True                4 : 1      =      2.1 : 1.0,,,,,,,,,
         contains(ladin) = True                4 : 1      =      2.1 : 1.0,,,,,,,,,
          contains(tool) = True                4 : 1      =      2.1 : 1.0,,,,,,,,,
        contains(washed) = True                4 : 1      =      2.1 : 1.0,,,,,,,,,
        contains(cheese) = True                4 : 1      =      2.1 : 1.0,,,,,,,,,
         contains(golly) = True                4 : 1      =      2.1 : 1.0,,,,,,,,,
        contains(listen) = True                4 : 1      =      2.1 : 1.0,,,,,,,,,
          contains(woke) = True                4 : 1      =      2.1 : 1.0,,,,,,,,,
     contains(attention) = True                4 : 1      =      2.1 : 1.0,,,,,,,,,
           contains(ten) = True                4 : 1      =      2.1 : 1.0,,,,,,,,,
      contains(missouri) = True                4 : 1      =      2.1 : 1.0,,,,,,,,,
         contains(solar) = True                4 : 1      =      2.1 : 1.0,,,,,,,,,
contains(investigations) = True                4 : 1      =      2.1 : 1.0,,,,,,,,,
       contains(decline) = True                4 : 1      =      2.1 : 1.0,,,,,,,,,
           contains(eat) = True                4 : 1      =      2.1 : 1.0,,,,,,,,,
     contains(should've) = True                4 : 1      =      2.1 : 1.0,,,,,,,,,